train_data/recyc/plastic188.jpg,3
train_data/harm/53.jpg,0
train_data/recyc/plastic449.jpg,3
train_data/recyc/plastic212.jpg,3
train_data/recyc/plastic124.jpg,3
train_data/kitch/198.jpg,1
train_data/kitch/213.jpg,1
train_data/harm/292.jpg,0
train_data/harm/127.jpg,0
train_data/kitch/251.jpg,1
train_data/recyc/plastic469.jpg,3
train_data/kitch/173.jpg,1
train_data/kitch/403.jpg,1
train_data/kitch/217.jpg,1
train_data/recyc/plastic455.jpg,3
train_data/harm/320.jpg,0
train_data/others/8.jpg,2
train_data/harm/305.jpg,0
train_data/harm/364.jpg,0
train_data/harm/240.jpg,0
train_data/recyc/plastic261.jpg,3
train_data/recyc/plastic479.jpg,3
train_data/recyc/plastic199.jpg,3
train_data/kitch/171.jpg,1
train_data/harm/164.jpg,0
train_data/harm/126.jpg,0
train_data/harm/219.jpg,0
train_data/others/312.jpg,2
train_data/others/178.jpg,2
train_data/kitch/216.jpg,1
train_data/recyc/plastic277.jpg,3
train_data/recyc/plastic222.jpg,3
train_data/others/54.jpg,2
train_data/kitch/185.jpg,1
train_data/kitch/254.jpg,1
train_data/kitch/187.jpg,1
train_data/recyc/plastic327.jpg,3
train_data/harm/78.jpg,0
train_data/others/330.jpg,2
train_data/others/213.jpg,2
train_data/harm/313.jpg,0
train_data/recyc/plastic4.jpg,3
train_data/recyc/plastic315.jpg,3
train_data/recyc/plastic443.jpg,3
train_data/harm/333.jpg,0
train_data/others/206.jpg,2
train_data/others/426.jpg,2
train_data/recyc/plastic184.jpg,3
train_data/harm/212.jpg,0
train_data/recyc/plastic71.jpg,3
train_data/others/106.jpg,2
train_data/recyc/plastic75.jpg,3
train_data/others/90.jpg,2
train_data/recyc/plastic191.jpg,3
train_data/kitch/140.jpg,1
train_data/others/107.jpg,2
train_data/harm/265.jpg,0
train_data/harm/144.jpg,0
train_data/recyc/plastic403.jpg,3
train_data/recyc/plastic238.jpg,3
train_data/kitch/83.jpg,1
train_data/recyc/plastic295.jpg,3
train_data/kitch/248.jpg,1
train_data/kitch/162.jpg,1
train_data/others/200.jpg,2
train_data/others/13.jpg,2
train_data/kitch/243.jpg,1
train_data/harm/343.jpg,0
train_data/kitch/24.jpg,1
train_data/recyc/plastic482.jpg,3
train_data/recyc/plastic165.jpg,3
train_data/others/243.jpg,2
train_data/others/358.jpg,2
train_data/recyc/plastic6.jpg,3
train_data/kitch/242.jpg,1
train_data/recyc/plastic452.jpg,3
train_data/harm/137.jpg,0
train_data/harm/294.jpg,0
train_data/harm/200.jpg,0
train_data/recyc/plastic196.jpg,3
train_data/others/111.jpg,2
train_data/kitch/204.jpg,1
train_data/others/329.jpg,2
train_data/kitch/139.jpg,1
train_data/recyc/plastic108.jpg,3
train_data/others/209.jpg,2
train_data/harm/29.jpg,0
train_data/others/225.jpg,2
train_data/harm/27.jpg,0
train_data/recyc/plastic456.jpg,3
train_data/others/207.jpg,2
train_data/harm/341.jpg,0
train_data/harm/187.jpg,0
train_data/kitch/192.jpg,1
train_data/others/6.jpg,2
train_data/kitch/295.jpg,1
train_data/recyc/plastic246.jpg,3
train_data/recyc/plastic64.jpg,3
train_data/kitch/252.jpg,1
train_data/recyc/plastic467.jpg,3
train_data/recyc/plastic281.jpg,3
train_data/recyc/plastic441.jpg,3
train_data/kitch/363.jpg,1
train_data/others/130.jpg,2
train_data/recyc/plastic373.jpg,3
train_data/others/249.jpg,2
train_data/harm/353.jpg,0
train_data/harm/255.jpg,0
train_data/harm/201.jpg,0
train_data/others/400.jpg,2
train_data/recyc/plastic423.jpg,3
train_data/others/14.jpg,2
train_data/others/246.jpg,2
train_data/kitch/28.jpg,1
train_data/recyc/plastic76.jpg,3
train_data/kitch/371.jpg,1
train_data/recyc/plastic278.jpg,3
train_data/kitch/27.jpg,1
train_data/kitch/141.jpg,1
train_data/recyc/plastic216.jpg,3
train_data/recyc/plastic42.jpg,3
train_data/recyc/plastic232.jpg,3
train_data/recyc/plastic352.jpg,3
train_data/recyc/plastic103.jpg,3
train_data/recyc/plastic440.jpg,3
train_data/kitch/144.jpg,1
train_data/harm/339.jpg,0
train_data/kitch/395.jpg,1
train_data/recyc/plastic329.jpg,3
train_data/kitch/375.jpg,1
train_data/others/155.jpg,2
train_data/recyc/plastic30.jpg,3
train_data/others/188.jpg,2
train_data/kitch/357.jpg,1
train_data/others/19.jpg,2
train_data/kitch/271.jpg,1
train_data/kitch/221.jpg,1
train_data/harm/278.jpg,0
train_data/others/338.jpg,2
train_data/kitch/286.jpg,1
train_data/recyc/plastic244.jpg,3
train_data/others/140.jpg,2
train_data/harm/114.jpg,0
train_data/others/7.jpg,2
train_data/recyc/plastic100.jpg,3
train_data/others/415.jpg,2
train_data/kitch/102.jpg,1
train_data/recyc/plastic256.jpg,3
train_data/others/77.jpg,2
train_data/kitch/296.jpg,1
train_data/recyc/plastic273.jpg,3
train_data/harm/206.jpg,0
train_data/recyc/plastic215.jpg,3
train_data/kitch/404.jpg,1
train_data/harm/168.jpg,0
train_data/kitch/48.jpg,1
train_data/kitch/361.jpg,1
train_data/kitch/330.jpg,1
train_data/others/346.jpg,2
train_data/kitch/153.jpg,1
train_data/others/307.jpg,2
train_data/others/170.jpg,2
train_data/harm/104.jpg,0
train_data/recyc/plastic132.jpg,3
train_data/harm/90.jpg,0
train_data/kitch/70.jpg,1
train_data/others/221.jpg,2
train_data/recyc/plastic297.jpg,3
train_data/recyc/plastic412.jpg,3
train_data/others/367.jpg,2
train_data/others/120.jpg,2
train_data/harm/21.jpg,0
train_data/others/396.jpg,2
train_data/harm/267.jpg,0
train_data/kitch/65.jpg,1
train_data/harm/89.jpg,0
train_data/others/273.jpg,2
train_data/kitch/0.jpg,1
train_data/kitch/218.jpg,1
train_data/recyc/plastic303.jpg,3
train_data/recyc/plastic109.jpg,3
train_data/recyc/plastic74.jpg,3
train_data/kitch/25.jpg,1
train_data/recyc/plastic144.jpg,3
train_data/recyc/plastic287.jpg,3
train_data/recyc/plastic260.jpg,3
train_data/recyc/plastic430.jpg,3
train_data/kitch/178.jpg,1
train_data/recyc/plastic247.jpg,3
train_data/harm/184.jpg,0
train_data/recyc/plastic38.jpg,3
train_data/kitch/222.jpg,1
train_data/recyc/plastic383.jpg,3
train_data/harm/181.jpg,0
train_data/others/407.jpg,2
train_data/harm/268.jpg,0
train_data/others/293.jpg,2
train_data/harm/322.jpg,0
train_data/kitch/362.jpg,1
train_data/recyc/plastic318.jpg,3
train_data/harm/290.jpg,0
train_data/kitch/62.jpg,1
train_data/others/306.jpg,2
train_data/recyc/plastic20.jpg,3
train_data/recyc/plastic410.jpg,3
train_data/recyc/plastic160.jpg,3
train_data/others/414.jpg,2
train_data/others/408.jpg,2
train_data/others/166.jpg,2
train_data/harm/310.jpg,0
train_data/kitch/388.jpg,1
train_data/recyc/plastic435.jpg,3
train_data/kitch/39.jpg,1
train_data/recyc/plastic11.jpg,3
train_data/harm/214.jpg,0
train_data/recyc/plastic60.jpg,3
train_data/harm/363.jpg,0
train_data/recyc/plastic27.jpg,3
train_data/others/177.jpg,2
train_data/recyc/plastic98.jpg,3
train_data/recyc/plastic194.jpg,3
train_data/others/301.jpg,2
train_data/recyc/plastic45.jpg,3
train_data/others/160.jpg,2
train_data/recyc/plastic112.jpg,3
train_data/recyc/plastic239.jpg,3
train_data/recyc/plastic333.jpg,3
train_data/harm/113.jpg,0
train_data/harm/244.jpg,0
train_data/harm/291.jpg,0
train_data/harm/252.jpg,0
train_data/harm/118.jpg,0
train_data/recyc/plastic353.jpg,3
train_data/harm/107.jpg,0
train_data/recyc/plastic416.jpg,3
train_data/harm/178.jpg,0
train_data/others/66.jpg,2
train_data/harm/182.jpg,0
train_data/kitch/325.jpg,1
train_data/recyc/plastic243.jpg,3
train_data/harm/334.jpg,0
train_data/harm/303.jpg,0
train_data/harm/277.jpg,0
train_data/harm/229.jpg,0
train_data/recyc/plastic72.jpg,3
train_data/recyc/plastic22.jpg,3
train_data/kitch/329.jpg,1
train_data/harm/356.jpg,0
train_data/harm/306.jpg,0
train_data/recyc/plastic339.jpg,3
train_data/harm/36.jpg,0
train_data/harm/7.jpg,0
train_data/harm/300.jpg,0
train_data/harm/120.jpg,0
train_data/harm/295.jpg,0
train_data/recyc/plastic217.jpg,3
train_data/recyc/plastic445.jpg,3
train_data/others/17.jpg,2
train_data/recyc/plastic203.jpg,3
train_data/others/222.jpg,2
train_data/recyc/plastic417.jpg,3
train_data/others/227.jpg,2
train_data/recyc/plastic138.jpg,3
train_data/harm/161.jpg,0
train_data/others/212.jpg,2
train_data/kitch/347.jpg,1
train_data/kitch/92.jpg,1
train_data/kitch/223.jpg,1
train_data/kitch/134.jpg,1
train_data/others/223.jpg,2
train_data/others/52.jpg,2
train_data/others/102.jpg,2
train_data/recyc/plastic425.jpg,3
train_data/others/10.jpg,2
train_data/kitch/234.jpg,1
train_data/recyc/plastic464.jpg,3
train_data/recyc/plastic149.jpg,3
train_data/others/269.jpg,2
train_data/recyc/plastic336.jpg,3
train_data/recyc/plastic187.jpg,3
train_data/kitch/93.jpg,1
train_data/kitch/229.jpg,1
train_data/harm/130.jpg,0
train_data/harm/115.jpg,0
train_data/others/91.jpg,2
train_data/kitch/195.jpg,1
train_data/harm/88.jpg,0
train_data/kitch/417.jpg,1
train_data/recyc/plastic349.jpg,3
train_data/harm/150.jpg,0
train_data/recyc/plastic172.jpg,3
train_data/harm/149.jpg,0
train_data/recyc/plastic357.jpg,3
train_data/harm/45.jpg,0
train_data/recyc/plastic426.jpg,3
train_data/kitch/273.jpg,1
train_data/recyc/plastic374.jpg,3
train_data/others/92.jpg,2
train_data/kitch/340.jpg,1
train_data/kitch/266.jpg,1
train_data/recyc/plastic73.jpg,3
train_data/kitch/305.jpg,1
train_data/harm/12.jpg,0
train_data/recyc/plastic176.jpg,3
train_data/harm/72.jpg,0
train_data/harm/146.jpg,0
train_data/others/339.jpg,2
train_data/kitch/390.jpg,1
train_data/others/64.jpg,2
train_data/harm/217.jpg,0
train_data/others/256.jpg,2
train_data/others/217.jpg,2
train_data/recyc/plastic150.jpg,3
train_data/recyc/plastic7.jpg,3
train_data/harm/346.jpg,0
train_data/harm/143.jpg,0
train_data/harm/256.jpg,0
train_data/kitch/98.jpg,1
train_data/others/195.jpg,2
train_data/recyc/plastic360.jpg,3
train_data/harm/132.jpg,0
train_data/recyc/plastic421.jpg,3
train_data/kitch/312.jpg,1
train_data/harm/245.jpg,0
train_data/recyc/plastic120.jpg,3
train_data/harm/191.jpg,0
train_data/others/114.jpg,2
train_data/recyc/plastic359.jpg,3
train_data/kitch/253.jpg,1
train_data/harm/179.jpg,0
train_data/harm/344.jpg,0
train_data/harm/254.jpg,0
train_data/kitch/228.jpg,1
train_data/others/327.jpg,2
train_data/harm/193.jpg,0
train_data/kitch/203.jpg,1
train_data/harm/362.jpg,0
train_data/recyc/plastic123.jpg,3
train_data/recyc/plastic32.jpg,3
train_data/others/112.jpg,2
train_data/kitch/205.jpg,1
train_data/kitch/372.jpg,1
train_data/others/62.jpg,2
train_data/others/294.jpg,2
train_data/kitch/255.jpg,1
train_data/recyc/plastic133.jpg,3
train_data/kitch/424.jpg,1
train_data/harm/20.jpg,0
train_data/kitch/74.jpg,1
train_data/others/348.jpg,2
train_data/harm/211.jpg,0
train_data/others/89.jpg,2
train_data/kitch/13.jpg,1
train_data/others/122.jpg,2
train_data/harm/0.jpg,0
train_data/kitch/422.jpg,1
train_data/kitch/354.jpg,1
train_data/kitch/281.jpg,1
train_data/kitch/265.jpg,1
train_data/harm/319.jpg,0
train_data/others/360.jpg,2
train_data/harm/43.jpg,0
train_data/others/199.jpg,2
train_data/kitch/183.jpg,1
train_data/others/39.jpg,2
train_data/kitch/303.jpg,1
train_data/harm/99.jpg,0
train_data/others/261.jpg,2
train_data/kitch/51.jpg,1
train_data/harm/123.jpg,0
train_data/recyc/plastic375.jpg,3
train_data/recyc/plastic268.jpg,3
train_data/kitch/323.jpg,1
train_data/others/46.jpg,2
train_data/harm/167.jpg,0
train_data/kitch/339.jpg,1
train_data/harm/207.jpg,0
train_data/kitch/2.jpg,1
train_data/others/401.jpg,2
train_data/others/303.jpg,2
train_data/harm/360.jpg,0
train_data/harm/148.jpg,0
train_data/others/185.jpg,2
train_data/kitch/341.jpg,1
train_data/kitch/358.jpg,1
train_data/harm/317.jpg,0
train_data/recyc/plastic356.jpg,3
train_data/kitch/374.jpg,1
train_data/recyc/plastic427.jpg,3
train_data/kitch/233.jpg,1
train_data/others/28.jpg,2
train_data/kitch/258.jpg,1
train_data/kitch/352.jpg,1
train_data/others/375.jpg,2
train_data/harm/285.jpg,0
train_data/recyc/plastic390.jpg,3
train_data/recyc/plastic43.jpg,3
train_data/harm/49.jpg,0
train_data/kitch/427.jpg,1
train_data/harm/318.jpg,0
train_data/kitch/104.jpg,1
train_data/kitch/416.jpg,1
train_data/others/61.jpg,2
train_data/harm/284.jpg,0
train_data/kitch/311.jpg,1
train_data/kitch/159.jpg,1
train_data/kitch/246.jpg,1
train_data/others/318.jpg,2
train_data/kitch/317.jpg,1
train_data/kitch/96.jpg,1
train_data/kitch/18.jpg,1
train_data/kitch/309.jpg,1
train_data/harm/70.jpg,0
train_data/recyc/plastic168.jpg,3
train_data/recyc/plastic397.jpg,3
train_data/kitch/318.jpg,1
train_data/kitch/34.jpg,1
train_data/others/29.jpg,2
train_data/recyc/plastic310.jpg,3
train_data/recyc/plastic291.jpg,3
train_data/recyc/plastic118.jpg,3
train_data/kitch/356.jpg,1
train_data/kitch/382.jpg,1
train_data/harm/314.jpg,0
train_data/recyc/plastic1.jpg,3
train_data/others/260.jpg,2
train_data/recyc/plastic115.jpg,3
train_data/recyc/plastic2.jpg,3
train_data/recyc/plastic35.jpg,3
train_data/others/277.jpg,2
train_data/recyc/plastic91.jpg,3
train_data/recyc/plastic369.jpg,3
train_data/kitch/397.jpg,1
train_data/harm/326.jpg,0
train_data/others/411.jpg,2
train_data/recyc/plastic36.jpg,3
train_data/recyc/plastic147.jpg,3
train_data/recyc/plastic332.jpg,3
train_data/harm/173.jpg,0
train_data/kitch/76.jpg,1
train_data/harm/1.jpg,0
train_data/recyc/plastic26.jpg,3
train_data/kitch/307.jpg,1
train_data/recyc/plastic433.jpg,3
train_data/recyc/plastic163.jpg,3
train_data/harm/261.jpg,0
train_data/kitch/328.jpg,1
train_data/recyc/plastic58.jpg,3
train_data/others/386.jpg,2
train_data/others/0.jpg,2
train_data/recyc/plastic429.jpg,3
train_data/kitch/63.jpg,1
train_data/harm/2.jpg,0
train_data/others/342.jpg,2
train_data/kitch/55.jpg,1
train_data/others/104.jpg,2
train_data/recyc/plastic274.jpg,3
train_data/recyc/plastic180.jpg,3
train_data/harm/189.jpg,0
train_data/recyc/plastic49.jpg,3
train_data/kitch/257.jpg,1
train_data/recyc/plastic95.jpg,3
train_data/recyc/plastic137.jpg,3
train_data/kitch/344.jpg,1
train_data/kitch/189.jpg,1
train_data/harm/210.jpg,0
train_data/recyc/plastic77.jpg,3
train_data/others/96.jpg,2
train_data/recyc/plastic262.jpg,3
train_data/kitch/73.jpg,1
train_data/harm/361.jpg,0
train_data/others/365.jpg,2
train_data/others/83.jpg,2
train_data/others/51.jpg,2
train_data/recyc/plastic245.jpg,3
train_data/recyc/plastic241.jpg,3
train_data/recyc/plastic202.jpg,3
train_data/kitch/425.jpg,1
train_data/kitch/283.jpg,1
train_data/kitch/64.jpg,1
train_data/kitch/103.jpg,1
train_data/kitch/61.jpg,1
train_data/kitch/276.jpg,1
train_data/harm/262.jpg,0
train_data/kitch/177.jpg,1
train_data/recyc/plastic139.jpg,3
train_data/recyc/plastic116.jpg,3
train_data/harm/232.jpg,0
train_data/kitch/82.jpg,1
train_data/recyc/plastic392.jpg,3
train_data/harm/163.jpg,0
train_data/harm/26.jpg,0
train_data/recyc/plastic221.jpg,3
train_data/kitch/367.jpg,1
train_data/recyc/plastic418.jpg,3
train_data/others/354.jpg,2
train_data/kitch/12.jpg,1
train_data/kitch/310.jpg,1
train_data/others/332.jpg,2
train_data/harm/231.jpg,0
train_data/harm/18.jpg,0
train_data/others/262.jpg,2
train_data/recyc/plastic105.jpg,3
train_data/recyc/plastic358.jpg,3
train_data/others/337.jpg,2
train_data/others/57.jpg,2
train_data/others/331.jpg,2
train_data/recyc/plastic444.jpg,3
train_data/harm/101.jpg,0
train_data/kitch/1.jpg,1
train_data/harm/80.jpg,0
train_data/harm/171.jpg,0
train_data/kitch/225.jpg,1
train_data/others/3.jpg,2
train_data/harm/280.jpg,0
train_data/recyc/plastic96.jpg,3
train_data/harm/183.jpg,0
train_data/recyc/plastic111.jpg,3
train_data/kitch/124.jpg,1
train_data/harm/106.jpg,0
train_data/harm/100.jpg,0
train_data/recyc/plastic406.jpg,3
train_data/harm/238.jpg,0
train_data/recyc/plastic151.jpg,3
train_data/others/393.jpg,2
train_data/others/34.jpg,2
train_data/recyc/plastic231.jpg,3
train_data/kitch/269.jpg,1
train_data/others/5.jpg,2
train_data/others/297.jpg,2
train_data/kitch/20.jpg,1
train_data/kitch/250.jpg,1
train_data/kitch/199.jpg,1
train_data/kitch/200.jpg,1
train_data/kitch/224.jpg,1
train_data/recyc/plastic193.jpg,3
train_data/recyc/plastic280.jpg,3
train_data/others/152.jpg,2
train_data/recyc/plastic204.jpg,3
train_data/recyc/plastic55.jpg,3
train_data/recyc/plastic233.jpg,3
train_data/recyc/plastic480.jpg,3
train_data/recyc/plastic334.jpg,3
train_data/recyc/plastic319.jpg,3
train_data/others/218.jpg,2
train_data/others/144.jpg,2
train_data/recyc/plastic230.jpg,3
train_data/harm/9.jpg,0
train_data/others/311.jpg,2
train_data/others/71.jpg,2
train_data/kitch/168.jpg,1
train_data/kitch/342.jpg,1
train_data/kitch/136.jpg,1
train_data/others/68.jpg,2
train_data/kitch/290.jpg,1
train_data/recyc/plastic93.jpg,3
train_data/others/163.jpg,2
train_data/recyc/plastic477.jpg,3
train_data/recyc/plastic87.jpg,3
train_data/others/325.jpg,2
train_data/harm/281.jpg,0
train_data/others/21.jpg,2
train_data/others/333.jpg,2
train_data/recyc/plastic272.jpg,3
train_data/kitch/175.jpg,1
train_data/others/405.jpg,2
train_data/recyc/plastic152.jpg,3
train_data/others/285.jpg,2
train_data/kitch/158.jpg,1
train_data/others/41.jpg,2
train_data/kitch/408.jpg,1
train_data/recyc/plastic422.jpg,3
train_data/others/403.jpg,2
train_data/others/305.jpg,2
train_data/kitch/15.jpg,1
train_data/kitch/52.jpg,1
train_data/others/412.jpg,2
train_data/recyc/plastic179.jpg,3
train_data/kitch/275.jpg,1
train_data/others/336.jpg,2
train_data/harm/175.jpg,0
train_data/others/228.jpg,2
train_data/recyc/plastic388.jpg,3
train_data/harm/312.jpg,0
train_data/recyc/plastic276.jpg,3
train_data/harm/215.jpg,0
train_data/recyc/plastic47.jpg,3
train_data/recyc/plastic326.jpg,3
train_data/harm/125.jpg,0
train_data/kitch/299.jpg,1
train_data/others/276.jpg,2
train_data/harm/119.jpg,0
train_data/kitch/268.jpg,1
train_data/recyc/plastic313.jpg,3
train_data/others/74.jpg,2
train_data/recyc/plastic461.jpg,3
train_data/recyc/plastic66.jpg,3
train_data/kitch/41.jpg,1
train_data/harm/116.jpg,0
train_data/kitch/287.jpg,1
train_data/others/27.jpg,2
train_data/kitch/5.jpg,1
train_data/recyc/plastic271.jpg,3
train_data/recyc/plastic157.jpg,3
train_data/harm/283.jpg,0
train_data/kitch/37.jpg,1
train_data/others/129.jpg,2
train_data/harm/77.jpg,0
train_data/kitch/230.jpg,1
train_data/recyc/plastic386.jpg,3
train_data/recyc/plastic135.jpg,3
train_data/kitch/110.jpg,1
train_data/recyc/plastic370.jpg,3
train_data/kitch/300.jpg,1
train_data/recyc/plastic234.jpg,3
train_data/others/192.jpg,2
train_data/harm/298.jpg,0
train_data/kitch/188.jpg,1
train_data/kitch/327.jpg,1
train_data/kitch/125.jpg,1
train_data/others/44.jpg,2
train_data/kitch/156.jpg,1
train_data/harm/158.jpg,0
train_data/others/108.jpg,2
train_data/others/203.jpg,2
train_data/harm/145.jpg,0
train_data/others/345.jpg,2
train_data/kitch/209.jpg,1
train_data/harm/92.jpg,0
train_data/kitch/321.jpg,1
train_data/harm/86.jpg,0
train_data/recyc/plastic161.jpg,3
train_data/harm/282.jpg,0
train_data/recyc/plastic65.jpg,3
train_data/harm/91.jpg,0
train_data/harm/52.jpg,0
train_data/recyc/plastic62.jpg,3
train_data/harm/209.jpg,0
train_data/others/159.jpg,2
train_data/others/135.jpg,2
train_data/others/84.jpg,2
train_data/recyc/plastic396.jpg,3
train_data/kitch/244.jpg,1
train_data/harm/342.jpg,0
train_data/kitch/349.jpg,1
train_data/kitch/121.jpg,1
train_data/recyc/plastic448.jpg,3
train_data/others/2.jpg,2
train_data/kitch/263.jpg,1
train_data/kitch/122.jpg,1
train_data/recyc/plastic53.jpg,3
train_data/others/103.jpg,2
train_data/recyc/plastic252.jpg,3
train_data/others/165.jpg,2
train_data/recyc/plastic478.jpg,3
train_data/others/420.jpg,2
train_data/kitch/306.jpg,1
train_data/recyc/plastic389.jpg,3
train_data/others/30.jpg,2
train_data/others/162.jpg,2
train_data/others/317.jpg,2
train_data/kitch/337.jpg,1
train_data/others/145.jpg,2
train_data/kitch/165.jpg,1
train_data/recyc/plastic101.jpg,3
train_data/recyc/plastic474.jpg,3
train_data/recyc/plastic67.jpg,3
train_data/recyc/plastic282.jpg,3
train_data/others/157.jpg,2
train_data/harm/208.jpg,0
train_data/kitch/411.jpg,1
train_data/others/379.jpg,2
train_data/others/376.jpg,2
train_data/others/143.jpg,2
train_data/recyc/plastic142.jpg,3
train_data/harm/279.jpg,0
train_data/kitch/42.jpg,1
train_data/kitch/394.jpg,1
train_data/kitch/152.jpg,1
train_data/kitch/30.jpg,1
train_data/others/419.jpg,2
train_data/others/230.jpg,2
train_data/others/364.jpg,2
train_data/harm/258.jpg,0
train_data/kitch/128.jpg,1
train_data/others/97.jpg,2
train_data/harm/338.jpg,0
train_data/kitch/131.jpg,1
train_data/recyc/plastic296.jpg,3
train_data/others/308.jpg,2
train_data/recyc/plastic195.jpg,3
train_data/kitch/97.jpg,1
train_data/kitch/256.jpg,1
train_data/recyc/plastic197.jpg,3
train_data/kitch/235.jpg,1
train_data/kitch/428.jpg,1
train_data/others/184.jpg,2
train_data/harm/351.jpg,0
train_data/others/81.jpg,2
train_data/recyc/plastic18.jpg,3
train_data/recyc/plastic311.jpg,3
train_data/kitch/206.jpg,1
train_data/recyc/plastic213.jpg,3
train_data/recyc/plastic5.jpg,3
train_data/others/229.jpg,2
train_data/others/372.jpg,2
train_data/harm/37.jpg,0
train_data/recyc/plastic363.jpg,3
train_data/others/75.jpg,2
train_data/harm/39.jpg,0
train_data/others/85.jpg,2
train_data/recyc/plastic305.jpg,3
train_data/others/37.jpg,2
train_data/recyc/plastic148.jpg,3
train_data/others/423.jpg,2
train_data/others/25.jpg,2
train_data/recyc/plastic178.jpg,3
train_data/recyc/plastic364.jpg,3
train_data/kitch/126.jpg,1
train_data/kitch/385.jpg,1
train_data/kitch/53.jpg,1
train_data/kitch/208.jpg,1
train_data/others/174.jpg,2
train_data/others/128.jpg,2
train_data/kitch/291.jpg,1
train_data/harm/348.jpg,0
train_data/kitch/57.jpg,1
train_data/kitch/381.jpg,1
train_data/recyc/plastic258.jpg,3
train_data/recyc/plastic250.jpg,3
train_data/recyc/plastic366.jpg,3
train_data/others/380.jpg,2
train_data/harm/142.jpg,0
train_data/recyc/plastic413.jpg,3
train_data/recyc/plastic171.jpg,3
train_data/harm/162.jpg,0
train_data/recyc/plastic248.jpg,3
train_data/others/126.jpg,2
train_data/kitch/368.jpg,1
train_data/kitch/335.jpg,1
train_data/others/150.jpg,2
train_data/others/137.jpg,2
train_data/recyc/plastic342.jpg,3
train_data/kitch/84.jpg,1
train_data/others/357.jpg,2
train_data/harm/60.jpg,0
train_data/others/190.jpg,2
train_data/recyc/plastic240.jpg,3
train_data/kitch/237.jpg,1
train_data/others/153.jpg,2
train_data/kitch/166.jpg,1
train_data/harm/117.jpg,0
train_data/harm/340.jpg,0
train_data/kitch/326.jpg,1
train_data/recyc/plastic402.jpg,3
train_data/others/101.jpg,2
train_data/kitch/58.jpg,1
train_data/others/320.jpg,2
train_data/others/410.jpg,2
train_data/others/109.jpg,2
train_data/kitch/236.jpg,1
train_data/kitch/107.jpg,1
train_data/others/355.jpg,2
train_data/recyc/plastic337.jpg,3
train_data/harm/139.jpg,0
train_data/recyc/plastic385.jpg,3
train_data/others/322.jpg,2
train_data/others/248.jpg,2
train_data/harm/61.jpg,0
train_data/recyc/plastic136.jpg,3
train_data/recyc/plastic419.jpg,3
train_data/harm/67.jpg,0
train_data/recyc/plastic468.jpg,3
train_data/recyc/plastic465.jpg,3
train_data/kitch/207.jpg,1
train_data/others/289.jpg,2
train_data/kitch/350.jpg,1
train_data/recyc/plastic322.jpg,3
train_data/recyc/plastic81.jpg,3
train_data/recyc/plastic300.jpg,3
train_data/kitch/267.jpg,1
train_data/harm/260.jpg,0
train_data/harm/82.jpg,0
train_data/others/319.jpg,2
train_data/others/424.jpg,2
train_data/recyc/plastic407.jpg,3
train_data/others/288.jpg,2
train_data/kitch/71.jpg,1
train_data/harm/55.jpg,0
train_data/harm/112.jpg,0
train_data/recyc/plastic347.jpg,3
train_data/harm/166.jpg,0
train_data/recyc/plastic89.jpg,3
train_data/recyc/plastic292.jpg,3
train_data/others/366.jpg,2
train_data/kitch/241.jpg,1
train_data/kitch/343.jpg,1
train_data/harm/147.jpg,0
train_data/others/286.jpg,2
train_data/kitch/112.jpg,1
train_data/recyc/plastic145.jpg,3
train_data/others/149.jpg,2
train_data/kitch/279.jpg,1
train_data/recyc/plastic200.jpg,3
train_data/others/351.jpg,2
train_data/others/272.jpg,2
train_data/others/363.jpg,2
train_data/kitch/405.jpg,1
train_data/kitch/365.jpg,1
train_data/harm/105.jpg,0
train_data/recyc/plastic257.jpg,3
train_data/kitch/43.jpg,1
train_data/recyc/plastic225.jpg,3
train_data/others/266.jpg,2
train_data/others/156.jpg,2
train_data/others/24.jpg,2
train_data/recyc/plastic52.jpg,3
train_data/recyc/plastic269.jpg,3
train_data/harm/264.jpg,0
train_data/recyc/plastic13.jpg,3
train_data/kitch/259.jpg,1
train_data/others/42.jpg,2
train_data/harm/141.jpg,0
train_data/kitch/333.jpg,1
train_data/kitch/304.jpg,1
train_data/harm/108.jpg,0
train_data/kitch/245.jpg,1
train_data/kitch/301.jpg,1
train_data/recyc/plastic253.jpg,3
train_data/harm/10.jpg,0
train_data/recyc/plastic242.jpg,3
train_data/kitch/407.jpg,1
train_data/kitch/399.jpg,1
train_data/others/382.jpg,2
train_data/recyc/plastic446.jpg,3
train_data/recyc/plastic174.jpg,3
train_data/others/141.jpg,2
train_data/recyc/plastic472.jpg,3
train_data/recyc/plastic51.jpg,3
train_data/others/105.jpg,2
train_data/recyc/plastic387.jpg,3
train_data/others/374.jpg,2
train_data/kitch/160.jpg,1
train_data/harm/216.jpg,0
train_data/others/180.jpg,2
train_data/recyc/plastic99.jpg,3
train_data/recyc/plastic92.jpg,3
train_data/harm/129.jpg,0
train_data/others/131.jpg,2
train_data/harm/128.jpg,0
train_data/others/349.jpg,2
train_data/recyc/plastic255.jpg,3
train_data/others/323.jpg,2
train_data/recyc/plastic54.jpg,3
train_data/others/232.jpg,2
train_data/others/409.jpg,2
train_data/recyc/plastic12.jpg,3
train_data/recyc/plastic289.jpg,3
train_data/kitch/366.jpg,1
train_data/others/132.jpg,2
train_data/kitch/272.jpg,1
train_data/kitch/109.jpg,1
train_data/harm/15.jpg,0
train_data/recyc/plastic302.jpg,3
train_data/kitch/87.jpg,1
train_data/kitch/67.jpg,1
train_data/kitch/219.jpg,1
train_data/others/23.jpg,2
train_data/recyc/plastic414.jpg,3
train_data/harm/5.jpg,0
train_data/kitch/147.jpg,1
train_data/recyc/plastic70.jpg,3
train_data/others/254.jpg,2
train_data/harm/34.jpg,0
train_data/others/59.jpg,2
train_data/others/292.jpg,2
train_data/others/191.jpg,2
train_data/kitch/167.jpg,1
train_data/recyc/plastic122.jpg,3
train_data/harm/50.jpg,0
train_data/harm/250.jpg,0
train_data/harm/79.jpg,0
train_data/others/56.jpg,2
train_data/harm/287.jpg,0
train_data/others/182.jpg,2
train_data/others/210.jpg,2
train_data/others/258.jpg,2
train_data/recyc/plastic19.jpg,3
train_data/recyc/plastic312.jpg,3
train_data/harm/301.jpg,0
train_data/recyc/plastic211.jpg,3
train_data/harm/30.jpg,0
train_data/kitch/297.jpg,1
train_data/harm/185.jpg,0
train_data/harm/243.jpg,0
train_data/harm/8.jpg,0
train_data/others/310.jpg,2
train_data/harm/289.jpg,0
train_data/recyc/plastic16.jpg,3
train_data/recyc/plastic288.jpg,3
train_data/kitch/151.jpg,1
train_data/recyc/plastic350.jpg,3
train_data/others/315.jpg,2
train_data/others/236.jpg,2
train_data/kitch/54.jpg,1
train_data/others/198.jpg,2
train_data/others/214.jpg,2
train_data/recyc/plastic186.jpg,3
train_data/kitch/313.jpg,1
train_data/others/119.jpg,2
train_data/recyc/plastic125.jpg,3
train_data/kitch/316.jpg,1
train_data/others/402.jpg,2
train_data/kitch/429.jpg,1
train_data/others/204.jpg,2
train_data/recyc/plastic343.jpg,3
train_data/others/158.jpg,2
train_data/kitch/220.jpg,1
train_data/others/94.jpg,2
train_data/kitch/379.jpg,1
train_data/recyc/plastic164.jpg,3
train_data/recyc/plastic320.jpg,3
train_data/recyc/plastic371.jpg,3
train_data/others/151.jpg,2
train_data/harm/11.jpg,0
train_data/kitch/81.jpg,1
train_data/kitch/150.jpg,1
train_data/kitch/23.jpg,1
train_data/others/20.jpg,2
train_data/harm/203.jpg,0
train_data/harm/186.jpg,0
train_data/recyc/plastic130.jpg,3
train_data/others/251.jpg,2
train_data/others/179.jpg,2
train_data/kitch/393.jpg,1
train_data/recyc/plastic223.jpg,3
train_data/harm/304.jpg,0
train_data/harm/17.jpg,0
train_data/kitch/4.jpg,1
train_data/kitch/88.jpg,1
train_data/others/196.jpg,2
train_data/harm/190.jpg,0
train_data/recyc/plastic378.jpg,3
train_data/kitch/135.jpg,1
train_data/recyc/plastic379.jpg,3
train_data/kitch/270.jpg,1
train_data/recyc/plastic380.jpg,3
train_data/recyc/plastic438.jpg,3
train_data/others/99.jpg,2
train_data/recyc/plastic382.jpg,3
train_data/kitch/146.jpg,1
train_data/recyc/plastic408.jpg,3
train_data/harm/309.jpg,0
train_data/harm/32.jpg,0
train_data/kitch/120.jpg,1
train_data/harm/263.jpg,0
train_data/others/38.jpg,2
train_data/others/244.jpg,2
train_data/others/296.jpg,2
train_data/others/388.jpg,2
train_data/recyc/plastic210.jpg,3
train_data/others/265.jpg,2
train_data/recyc/plastic50.jpg,3
train_data/kitch/89.jpg,1
train_data/kitch/226.jpg,1
train_data/others/373.jpg,2
train_data/harm/299.jpg,0
train_data/harm/218.jpg,0
train_data/kitch/129.jpg,1
train_data/kitch/415.jpg,1
train_data/harm/16.jpg,0
train_data/recyc/plastic321.jpg,3
train_data/recyc/plastic162.jpg,3
train_data/recyc/plastic198.jpg,3
train_data/others/142.jpg,2
train_data/others/16.jpg,2
train_data/harm/176.jpg,0
train_data/harm/352.jpg,0
train_data/recyc/plastic451.jpg,3
train_data/kitch/137.jpg,1
train_data/others/263.jpg,2
train_data/harm/31.jpg,0
train_data/kitch/138.jpg,1
train_data/harm/251.jpg,0
train_data/harm/124.jpg,0
train_data/others/245.jpg,2
train_data/recyc/plastic156.jpg,3
train_data/recyc/plastic80.jpg,3
train_data/harm/239.jpg,0
train_data/kitch/401.jpg,1
train_data/harm/235.jpg,0
train_data/others/136.jpg,2
train_data/recyc/plastic304.jpg,3
train_data/others/395.jpg,2
train_data/harm/40.jpg,0
train_data/others/300.jpg,2
train_data/others/134.jpg,2
train_data/harm/66.jpg,0
train_data/harm/330.jpg,0
train_data/recyc/plastic10.jpg,3
train_data/harm/122.jpg,0
train_data/harm/157.jpg,0
train_data/kitch/391.jpg,1
train_data/others/278.jpg,2
train_data/recyc/plastic235.jpg,3
train_data/others/193.jpg,2
train_data/harm/73.jpg,0
train_data/recyc/plastic159.jpg,3
train_data/others/299.jpg,2
train_data/recyc/plastic177.jpg,3
train_data/harm/205.jpg,0
train_data/recyc/plastic298.jpg,3
train_data/kitch/72.jpg,1
train_data/recyc/plastic437.jpg,3
train_data/others/271.jpg,2
train_data/kitch/3.jpg,1
train_data/recyc/plastic107.jpg,3
train_data/others/26.jpg,2
train_data/others/326.jpg,2
train_data/others/125.jpg,2
train_data/harm/324.jpg,0
train_data/recyc/plastic393.jpg,3
train_data/kitch/238.jpg,1
train_data/recyc/plastic126.jpg,3
train_data/harm/329.jpg,0
train_data/others/250.jpg,2
train_data/others/281.jpg,2
train_data/recyc/plastic117.jpg,3
train_data/recyc/plastic420.jpg,3
train_data/recyc/plastic209.jpg,3
train_data/harm/95.jpg,0
train_data/recyc/plastic431.jpg,3
train_data/others/205.jpg,2
train_data/others/80.jpg,2
train_data/recyc/plastic182.jpg,3
train_data/others/45.jpg,2
train_data/harm/270.jpg,0
train_data/others/264.jpg,2
train_data/others/4.jpg,2
train_data/recyc/plastic8.jpg,3
train_data/others/383.jpg,2
train_data/harm/159.jpg,0
train_data/others/36.jpg,2
train_data/kitch/260.jpg,1
train_data/others/257.jpg,2
train_data/kitch/170.jpg,1
train_data/kitch/32.jpg,1
train_data/harm/227.jpg,0
train_data/others/147.jpg,2
train_data/kitch/191.jpg,1
train_data/harm/328.jpg,0
train_data/kitch/346.jpg,1
train_data/recyc/plastic398.jpg,3
train_data/recyc/plastic424.jpg,3
train_data/harm/62.jpg,0
train_data/recyc/plastic351.jpg,3
train_data/kitch/179.jpg,1
train_data/others/340.jpg,2
train_data/kitch/345.jpg,1
train_data/recyc/plastic237.jpg,3
train_data/recyc/plastic466.jpg,3
train_data/kitch/85.jpg,1
train_data/others/12.jpg,2
train_data/recyc/plastic24.jpg,3
train_data/others/352.jpg,2
train_data/recyc/plastic453.jpg,3
train_data/others/335.jpg,2
train_data/recyc/plastic294.jpg,3
train_data/kitch/50.jpg,1
train_data/kitch/353.jpg,1
train_data/recyc/plastic189.jpg,3
train_data/others/359.jpg,2
train_data/recyc/plastic338.jpg,3
train_data/kitch/201.jpg,1
train_data/others/394.jpg,2
train_data/others/406.jpg,2
train_data/harm/35.jpg,0
train_data/others/78.jpg,2
train_data/recyc/plastic57.jpg,3
train_data/harm/24.jpg,0
train_data/kitch/143.jpg,1
train_data/recyc/plastic169.jpg,3
train_data/harm/97.jpg,0
train_data/recyc/plastic21.jpg,3
train_data/recyc/plastic39.jpg,3
train_data/kitch/249.jpg,1
train_data/harm/4.jpg,0
train_data/harm/133.jpg,0
train_data/harm/274.jpg,0
train_data/harm/355.jpg,0
train_data/harm/220.jpg,0
train_data/recyc/plastic475.jpg,3
train_data/others/175.jpg,2
train_data/kitch/294.jpg,1
train_data/harm/354.jpg,0
train_data/harm/237.jpg,0
train_data/recyc/plastic263.jpg,3
train_data/recyc/plastic183.jpg,3
train_data/others/76.jpg,2
train_data/recyc/plastic450.jpg,3
train_data/kitch/172.jpg,1
train_data/recyc/plastic355.jpg,3
train_data/harm/228.jpg,0
train_data/kitch/202.jpg,1
train_data/others/389.jpg,2
train_data/others/259.jpg,2
train_data/kitch/376.jpg,1
train_data/recyc/plastic365.jpg,3
train_data/kitch/420.jpg,1
train_data/recyc/plastic158.jpg,3
train_data/recyc/plastic227.jpg,3
train_data/recyc/plastic190.jpg,3
train_data/others/219.jpg,2
train_data/others/226.jpg,2
train_data/kitch/6.jpg,1
train_data/others/385.jpg,2
train_data/others/67.jpg,2
train_data/kitch/40.jpg,1
train_data/recyc/plastic436.jpg,3
train_data/recyc/plastic34.jpg,3
train_data/others/1.jpg,2
train_data/harm/336.jpg,0
train_data/kitch/293.jpg,1
train_data/harm/174.jpg,0
train_data/recyc/plastic228.jpg,3
train_data/recyc/plastic40.jpg,3
train_data/harm/347.jpg,0
train_data/recyc/plastic283.jpg,3
train_data/recyc/plastic82.jpg,3
train_data/harm/311.jpg,0
train_data/harm/249.jpg,0
train_data/recyc/plastic399.jpg,3
train_data/recyc/plastic432.jpg,3
train_data/harm/335.jpg,0
train_data/recyc/plastic376.jpg,3
train_data/harm/155.jpg,0
train_data/others/220.jpg,2
train_data/others/287.jpg,2
train_data/recyc/plastic460.jpg,3
train_data/harm/242.jpg,0
train_data/recyc/plastic270.jpg,3
train_data/kitch/69.jpg,1
train_data/others/69.jpg,2
train_data/kitch/132.jpg,1
train_data/kitch/369.jpg,1
train_data/kitch/106.jpg,1
train_data/others/413.jpg,2
train_data/kitch/44.jpg,1
train_data/others/291.jpg,2
train_data/kitch/38.jpg,1
train_data/kitch/8.jpg,1
train_data/recyc/plastic173.jpg,3
train_data/kitch/90.jpg,1
train_data/others/86.jpg,2
train_data/others/302.jpg,2
train_data/recyc/plastic384.jpg,3
train_data/kitch/373.jpg,1
train_data/others/133.jpg,2
train_data/others/321.jpg,2
train_data/others/241.jpg,2
train_data/harm/153.jpg,0
train_data/kitch/377.jpg,1
train_data/others/421.jpg,2
train_data/others/384.jpg,2
train_data/recyc/plastic454.jpg,3
train_data/others/118.jpg,2
train_data/others/324.jpg,2
train_data/others/238.jpg,2
train_data/harm/140.jpg,0
train_data/harm/248.jpg,0
train_data/kitch/148.jpg,1
train_data/recyc/plastic361.jpg,3
train_data/kitch/360.jpg,1
train_data/kitch/105.jpg,1
train_data/recyc/plastic415.jpg,3
train_data/harm/321.jpg,0
train_data/others/298.jpg,2
train_data/harm/246.jpg,0
train_data/recyc/plastic218.jpg,3
train_data/harm/224.jpg,0
train_data/recyc/plastic229.jpg,3
train_data/kitch/56.jpg,1
train_data/kitch/184.jpg,1
train_data/kitch/280.jpg,1
train_data/kitch/406.jpg,1
train_data/kitch/324.jpg,1
train_data/others/11.jpg,2
train_data/others/280.jpg,2
train_data/others/181.jpg,2
train_data/harm/93.jpg,0
train_data/harm/13.jpg,0
train_data/harm/42.jpg,0
train_data/others/334.jpg,2
train_data/others/161.jpg,2
train_data/harm/94.jpg,0
train_data/harm/188.jpg,0
train_data/harm/195.jpg,0
train_data/kitch/284.jpg,1
train_data/recyc/plastic141.jpg,3
train_data/kitch/247.jpg,1
train_data/recyc/plastic226.jpg,3
train_data/kitch/190.jpg,1
train_data/others/169.jpg,2
train_data/harm/358.jpg,0
train_data/harm/87.jpg,0
train_data/others/378.jpg,2
train_data/others/211.jpg,2
train_data/recyc/plastic9.jpg,3
train_data/recyc/plastic307.jpg,3
train_data/kitch/289.jpg,1
train_data/recyc/plastic404.jpg,3
train_data/kitch/33.jpg,1
train_data/kitch/68.jpg,1
train_data/harm/58.jpg,0
train_data/recyc/plastic113.jpg,3
train_data/recyc/plastic457.jpg,3
train_data/kitch/77.jpg,1
train_data/recyc/plastic293.jpg,3
train_data/recyc/plastic447.jpg,3
train_data/kitch/17.jpg,1
train_data/kitch/277.jpg,1
train_data/recyc/plastic94.jpg,3
train_data/harm/266.jpg,0
train_data/recyc/plastic331.jpg,3
train_data/recyc/plastic251.jpg,3
train_data/harm/3.jpg,0
train_data/harm/165.jpg,0
train_data/harm/152.jpg,0
train_data/others/237.jpg,2
train_data/harm/345.jpg,0
train_data/others/47.jpg,2
train_data/others/31.jpg,2
train_data/recyc/plastic377.jpg,3
train_data/others/416.jpg,2
train_data/others/146.jpg,2
train_data/harm/273.jpg,0
train_data/harm/111.jpg,0
train_data/others/22.jpg,2
train_data/harm/102.jpg,0
train_data/kitch/118.jpg,1
train_data/harm/221.jpg,0
train_data/others/235.jpg,2
train_data/recyc/plastic79.jpg,3
train_data/others/387.jpg,2
train_data/kitch/421.jpg,1
train_data/kitch/95.jpg,1
train_data/recyc/plastic69.jpg,3
train_data/kitch/302.jpg,1
train_data/recyc/plastic41.jpg,3
train_data/harm/180.jpg,0
train_data/recyc/plastic128.jpg,3
train_data/others/417.jpg,2
train_data/kitch/389.jpg,1
train_data/others/176.jpg,2
train_data/recyc/plastic167.jpg,3
train_data/others/283.jpg,2
train_data/recyc/plastic119.jpg,3
train_data/others/370.jpg,2
train_data/others/183.jpg,2
train_data/harm/223.jpg,0
train_data/others/48.jpg,2
train_data/kitch/169.jpg,1
train_data/others/425.jpg,2
train_data/kitch/163.jpg,1
train_data/recyc/plastic104.jpg,3
train_data/recyc/plastic367.jpg,3
train_data/others/353.jpg,2
train_data/recyc/plastic348.jpg,3
train_data/kitch/264.jpg,1
train_data/harm/138.jpg,0
train_data/harm/275.jpg,0
train_data/kitch/386.jpg,1
train_data/others/268.jpg,2
train_data/recyc/plastic459.jpg,3
train_data/others/252.jpg,2
train_data/others/173.jpg,2
train_data/recyc/plastic285.jpg,3
train_data/harm/170.jpg,0
train_data/recyc/plastic481.jpg,3
train_data/recyc/plastic192.jpg,3
train_data/others/377.jpg,2
train_data/harm/57.jpg,0
train_data/kitch/155.jpg,1
train_data/kitch/86.jpg,1
train_data/harm/241.jpg,0
train_data/harm/222.jpg,0
train_data/others/194.jpg,2
train_data/harm/84.jpg,0
train_data/kitch/315.jpg,1
train_data/recyc/plastic28.jpg,3
train_data/others/79.jpg,2
train_data/recyc/plastic394.jpg,3
train_data/others/9.jpg,2
train_data/harm/257.jpg,0
train_data/others/369.jpg,2
train_data/kitch/161.jpg,1
train_data/harm/202.jpg,0
train_data/others/93.jpg,2
train_data/recyc/plastic330.jpg,3
train_data/others/49.jpg,2
train_data/others/274.jpg,2
train_data/others/240.jpg,2
train_data/harm/47.jpg,0
train_data/kitch/133.jpg,1
train_data/others/347.jpg,2
train_data/recyc/plastic346.jpg,3
train_data/kitch/212.jpg,1
train_data/harm/110.jpg,0
train_data/kitch/338.jpg,1
train_data/others/124.jpg,2
train_data/kitch/26.jpg,1
train_data/recyc/plastic439.jpg,3
train_data/kitch/378.jpg,1
train_data/kitch/111.jpg,1
train_data/kitch/16.jpg,1
train_data/kitch/332.jpg,1
train_data/others/43.jpg,2
train_data/kitch/334.jpg,1
train_data/kitch/186.jpg,1
train_data/recyc/plastic143.jpg,3
train_data/recyc/plastic33.jpg,3
train_data/kitch/239.jpg,1
train_data/others/82.jpg,2
train_data/harm/25.jpg,0
train_data/others/295.jpg,2
train_data/harm/103.jpg,0
train_data/recyc/plastic275.jpg,3
train_data/recyc/plastic335.jpg,3
train_data/recyc/plastic31.jpg,3
train_data/recyc/plastic15.jpg,3
train_data/harm/54.jpg,0
train_data/recyc/plastic219.jpg,3
train_data/recyc/plastic434.jpg,3
train_data/harm/259.jpg,0
train_data/kitch/11.jpg,1
train_data/kitch/308.jpg,1
train_data/recyc/plastic314.jpg,3
train_data/recyc/plastic473.jpg,3
train_data/kitch/119.jpg,1
train_data/harm/302.jpg,0
train_data/others/316.jpg,2
train_data/recyc/plastic249.jpg,3
train_data/harm/327.jpg,0
train_data/harm/69.jpg,0
train_data/kitch/413.jpg,1
train_data/recyc/plastic341.jpg,3
train_data/harm/247.jpg,0
train_data/others/282.jpg,2
train_data/kitch/400.jpg,1
train_data/kitch/418.jpg,1
train_data/harm/74.jpg,0
train_data/kitch/261.jpg,1
train_data/recyc/plastic442.jpg,3
train_data/recyc/plastic97.jpg,3
train_data/harm/233.jpg,0
train_data/kitch/19.jpg,1
train_data/harm/48.jpg,0
train_data/recyc/plastic25.jpg,3
train_data/others/270.jpg,2
train_data/others/197.jpg,2
train_data/recyc/plastic308.jpg,3
train_data/kitch/419.jpg,1
train_data/harm/131.jpg,0
train_data/harm/46.jpg,0
train_data/harm/63.jpg,0
train_data/recyc/plastic63.jpg,3
train_data/kitch/142.jpg,1
train_data/harm/65.jpg,0
train_data/others/356.jpg,2
train_data/kitch/21.jpg,1
train_data/others/304.jpg,2
train_data/kitch/108.jpg,1
train_data/kitch/426.jpg,1
train_data/recyc/plastic29.jpg,3
train_data/kitch/410.jpg,1
train_data/others/113.jpg,2
train_data/harm/194.jpg,0
train_data/others/98.jpg,2
train_data/recyc/plastic181.jpg,3
train_data/recyc/plastic284.jpg,3
train_data/others/390.jpg,2
train_data/kitch/117.jpg,1
train_data/kitch/59.jpg,1
train_data/kitch/336.jpg,1
train_data/recyc/plastic463.jpg,3
train_data/others/290.jpg,2
train_data/kitch/384.jpg,1
train_data/harm/196.jpg,0
train_data/recyc/plastic214.jpg,3
train_data/kitch/114.jpg,1
train_data/harm/192.jpg,0
train_data/kitch/7.jpg,1
train_data/kitch/348.jpg,1
train_data/others/368.jpg,2
train_data/kitch/351.jpg,1
train_data/harm/198.jpg,0
train_data/others/55.jpg,2
train_data/kitch/423.jpg,1
train_data/kitch/75.jpg,1
train_data/harm/357.jpg,0
train_data/recyc/plastic368.jpg,3
train_data/others/234.jpg,2
train_data/recyc/plastic372.jpg,3
train_data/harm/199.jpg,0
train_data/others/115.jpg,2
train_data/recyc/plastic166.jpg,3
train_data/kitch/80.jpg,1
train_data/kitch/182.jpg,1
train_data/kitch/174.jpg,1
train_data/recyc/plastic175.jpg,3
train_data/others/148.jpg,2
train_data/harm/14.jpg,0
train_data/others/50.jpg,2
train_data/others/186.jpg,2
train_data/others/72.jpg,2
train_data/others/164.jpg,2
train_data/kitch/123.jpg,1
train_data/recyc/plastic301.jpg,3
train_data/harm/359.jpg,0
train_data/others/391.jpg,2
train_data/recyc/plastic114.jpg,3
train_data/kitch/196.jpg,1
train_data/harm/172.jpg,0
train_data/recyc/plastic121.jpg,3
train_data/kitch/113.jpg,1
train_data/harm/272.jpg,0
train_data/others/362.jpg,2
train_data/recyc/plastic102.jpg,3
train_data/harm/296.jpg,0
train_data/kitch/359.jpg,1
train_data/recyc/plastic400.jpg,3
train_data/kitch/364.jpg,1
train_data/kitch/180.jpg,1
train_data/kitch/288.jpg,1
train_data/kitch/398.jpg,1
train_data/kitch/319.jpg,1
train_data/kitch/94.jpg,1
train_data/kitch/157.jpg,1
train_data/others/208.jpg,2
train_data/kitch/193.jpg,1
train_data/others/117.jpg,2
train_data/kitch/66.jpg,1
train_data/others/201.jpg,2
train_data/harm/286.jpg,0
train_data/kitch/35.jpg,1
train_data/recyc/plastic470.jpg,3
train_data/kitch/215.jpg,1
train_data/kitch/380.jpg,1
train_data/others/63.jpg,2
train_data/harm/109.jpg,0
train_data/kitch/210.jpg,1
train_data/recyc/plastic279.jpg,3
train_data/recyc/plastic401.jpg,3
train_data/others/328.jpg,2
train_data/harm/22.jpg,0
train_data/harm/68.jpg,0
train_data/kitch/46.jpg,1
train_data/others/35.jpg,2
train_data/others/123.jpg,2
train_data/harm/253.jpg,0
train_data/others/344.jpg,2
train_data/others/110.jpg,2
train_data/harm/337.jpg,0
train_data/others/189.jpg,2
train_data/harm/64.jpg,0
train_data/harm/331.jpg,0
train_data/kitch/320.jpg,1
train_data/others/95.jpg,2
train_data/kitch/9.jpg,1
train_data/recyc/plastic23.jpg,3
train_data/harm/213.jpg,0
train_data/harm/136.jpg,0
train_data/kitch/181.jpg,1
train_data/recyc/plastic286.jpg,3
train_data/others/418.jpg,2
train_data/harm/197.jpg,0
train_data/kitch/29.jpg,1
train_data/harm/204.jpg,0
train_data/others/247.jpg,2
train_data/kitch/331.jpg,1
train_data/kitch/227.jpg,1
train_data/others/231.jpg,2
train_data/recyc/plastic267.jpg,3
train_data/kitch/115.jpg,1
train_data/recyc/plastic170.jpg,3
train_data/recyc/plastic264.jpg,3
train_data/recyc/plastic323.jpg,3
train_data/recyc/plastic146.jpg,3
train_data/kitch/278.jpg,1
train_data/kitch/370.jpg,1
train_data/recyc/plastic61.jpg,3
train_data/others/381.jpg,2
train_data/kitch/396.jpg,1
train_data/others/60.jpg,2
train_data/recyc/plastic236.jpg,3
train_data/recyc/plastic59.jpg,3
train_data/recyc/plastic153.jpg,3
train_data/recyc/plastic129.jpg,3
train_data/kitch/240.jpg,1
train_data/harm/28.jpg,0
train_data/recyc/plastic131.jpg,3
train_data/recyc/plastic46.jpg,3
train_data/recyc/plastic185.jpg,3
train_data/kitch/409.jpg,1
train_data/harm/156.jpg,0
train_data/others/343.jpg,2
train_data/kitch/36.jpg,1
train_data/recyc/plastic44.jpg,3
train_data/harm/234.jpg,0
train_data/others/361.jpg,2
train_data/others/350.jpg,2
train_data/recyc/plastic83.jpg,3
train_data/kitch/60.jpg,1
train_data/recyc/plastic84.jpg,3
train_data/kitch/130.jpg,1
train_data/recyc/plastic259.jpg,3
train_data/recyc/plastic37.jpg,3
train_data/kitch/101.jpg,1
train_data/harm/51.jpg,0
train_data/harm/293.jpg,0
train_data/recyc/plastic48.jpg,3
train_data/others/15.jpg,2
train_data/kitch/79.jpg,1
train_data/kitch/78.jpg,1
train_data/others/88.jpg,2
train_data/others/40.jpg,2
train_data/recyc/plastic458.jpg,3
train_data/others/399.jpg,2
train_data/kitch/231.jpg,1
train_data/harm/151.jpg,0
train_data/harm/325.jpg,0
train_data/others/65.jpg,2
train_data/harm/236.jpg,0
train_data/others/309.jpg,2
train_data/kitch/154.jpg,1
train_data/others/255.jpg,2
train_data/others/168.jpg,2
train_data/others/100.jpg,2
train_data/recyc/plastic90.jpg,3
train_data/kitch/45.jpg,1
train_data/recyc/plastic405.jpg,3
train_data/others/116.jpg,2
train_data/recyc/plastic254.jpg,3
train_data/others/275.jpg,2
train_data/others/404.jpg,2
train_data/others/172.jpg,2
train_data/harm/323.jpg,0
train_data/recyc/plastic86.jpg,3
train_data/kitch/402.jpg,1
train_data/kitch/127.jpg,1
train_data/harm/56.jpg,0
train_data/others/215.jpg,2
train_data/kitch/285.jpg,1
train_data/kitch/322.jpg,1
train_data/harm/6.jpg,0
train_data/kitch/116.jpg,1
train_data/recyc/plastic324.jpg,3
train_data/harm/169.jpg,0
train_data/recyc/plastic395.jpg,3
train_data/harm/59.jpg,0
train_data/others/371.jpg,2
train_data/harm/288.jpg,0
train_data/others/33.jpg,2
train_data/kitch/214.jpg,1
train_data/recyc/plastic140.jpg,3
train_data/recyc/plastic201.jpg,3
train_data/harm/23.jpg,0
train_data/recyc/plastic207.jpg,3
train_data/recyc/plastic110.jpg,3
train_data/kitch/49.jpg,1
train_data/others/53.jpg,2
train_data/kitch/274.jpg,1
train_data/others/392.jpg,2
train_data/harm/38.jpg,0
train_data/kitch/314.jpg,1
train_data/others/253.jpg,2
train_data/harm/276.jpg,0
train_data/others/73.jpg,2
train_data/others/167.jpg,2
train_data/harm/225.jpg,0
train_data/recyc/plastic56.jpg,3
train_data/others/32.jpg,2
train_data/recyc/plastic428.jpg,3
train_data/recyc/plastic290.jpg,3
train_data/others/313.jpg,2
train_data/recyc/plastic325.jpg,3
train_data/harm/230.jpg,0
train_data/others/70.jpg,2
train_data/recyc/plastic306.jpg,3
train_data/others/187.jpg,2
train_data/kitch/31.jpg,1
train_data/harm/332.jpg,0
train_data/recyc/plastic88.jpg,3
train_data/harm/85.jpg,0
train_data/others/121.jpg,2
train_data/recyc/plastic68.jpg,3
train_data/kitch/100.jpg,1
train_data/recyc/plastic205.jpg,3
train_data/harm/44.jpg,0
train_data/harm/307.jpg,0
train_data/harm/19.jpg,0
train_data/harm/41.jpg,0
train_data/harm/71.jpg,0
train_data/recyc/plastic224.jpg,3
train_data/others/398.jpg,2
train_data/others/279.jpg,2
train_data/kitch/164.jpg,1
train_data/others/171.jpg,2
train_data/harm/96.jpg,0
train_data/kitch/91.jpg,1
train_data/kitch/149.jpg,1
train_data/others/341.jpg,2
train_data/recyc/plastic411.jpg,3
train_data/kitch/355.jpg,1
train_data/recyc/plastic344.jpg,3
train_data/harm/75.jpg,0
train_data/others/397.jpg,2
train_data/recyc/plastic354.jpg,3
train_data/others/224.jpg,2
train_data/others/58.jpg,2
train_data/kitch/232.jpg,1
train_data/harm/83.jpg,0
train_data/harm/134.jpg,0
train_data/harm/297.jpg,0
train_data/harm/135.jpg,0
train_data/recyc/plastic462.jpg,3
train_data/kitch/412.jpg,1
train_data/recyc/plastic409.jpg,3
train_data/kitch/14.jpg,1
train_data/recyc/plastic391.jpg,3
train_data/recyc/plastic3.jpg,3
train_data/recyc/plastic154.jpg,3
train_data/others/18.jpg,2
train_data/others/139.jpg,2
train_data/recyc/plastic134.jpg,3
train_data/others/422.jpg,2
train_data/kitch/10.jpg,1
train_data/kitch/383.jpg,1
train_data/harm/269.jpg,0
train_data/others/138.jpg,2
train_data/kitch/292.jpg,1
train_data/recyc/plastic14.jpg,3
train_data/kitch/414.jpg,1
train_data/recyc/plastic471.jpg,3
train_data/recyc/plastic362.jpg,3
train_data/kitch/22.jpg,1
train_data/recyc/plastic85.jpg,3
train_data/harm/226.jpg,0
train_data/harm/81.jpg,0
train_data/kitch/194.jpg,1
train_data/kitch/298.jpg,1
train_data/recyc/plastic127.jpg,3
train_data/others/202.jpg,2
train_data/recyc/plastic266.jpg,3
train_data/kitch/197.jpg,1
train_data/kitch/99.jpg,1
train_data/recyc/plastic220.jpg,3
train_data/recyc/plastic17.jpg,3
train_data/recyc/plastic345.jpg,3
train_data/recyc/plastic328.jpg,3
train_data/harm/98.jpg,0
train_data/others/127.jpg,2
train_data/others/154.jpg,2
train_data/kitch/387.jpg,1
train_data/kitch/262.jpg,1
train_data/kitch/145.jpg,1
train_data/harm/154.jpg,0
train_data/harm/350.jpg,0
train_data/recyc/plastic106.jpg,3
train_data/recyc/plastic317.jpg,3
train_data/harm/33.jpg,0
train_data/harm/76.jpg,0
train_data/harm/121.jpg,0
train_data/recyc/plastic381.jpg,3
train_data/kitch/47.jpg,1
train_data/recyc/plastic316.jpg,3
train_data/others/239.jpg,2
train_data/kitch/282.jpg,1
train_data/recyc/plastic476.jpg,3
train_data/harm/160.jpg,0
train_data/kitch/176.jpg,1
train_data/others/233.jpg,2
train_data/harm/177.jpg,0
train_data/recyc/plastic78.jpg,3
train_data/others/314.jpg,2
train_data/recyc/plastic155.jpg,3
train_data/others/284.jpg,2
train_data/kitch/211.jpg,1
train_data/others/216.jpg,2
train_data/recyc/plastic309.jpg,3
train_data/recyc/plastic299.jpg,3
train_data/others/267.jpg,2
train_data/others/87.jpg,2
train_data/recyc/plastic206.jpg,3
train_data/recyc/plastic340.jpg,3
train_data/recyc/plastic265.jpg,3
train_data/kitch/392.jpg,1
train_data/recyc/plastic208.jpg,3
train_data/harm/271.jpg,0
